ID,name,createdAt,createdBy,modifiedAt,modifiedBy
21078292-2210-43b0-8100-a24988ef8ada,name-21078292,2003-08-11T00:00:00.000Z,createdBy.cjs44@example.net,2000-06-26T00:00:00.000Z,modifiedBy.cjs44@example.com
12984152-90af-4def-a27c-2770333289e7,name-12984152,2004-01-21T00:00:00.000Z,createdBy.7qamw@example.com,2011-04-18T00:00:00.000Z,modifiedBy.7qamw@example.net
12984153-f80a-4019-8eca-d78c33244b74,name-12984153,2017-09-30T00:00:00.000Z,createdBy.7qamx@example.com,2017-04-26T00:00:00.000Z,modifiedBy.7qamx@example.com
12984154-cb93-4599-b9e2-37646fe91cf8,name-12984154,2006-07-29T00:00:00.000Z,createdBy.7qamy@example.org,2009-11-05T00:00:00.000Z,modifiedBy.7qamy@example.com
12984155-4a0e-482f-b9c0-24bbde8e7098,name-12984155,2005-09-01T00:00:00.000Z,createdBy.7qamz@example.org,2004-12-14T00:00:00.000Z,modifiedBy.7qamz@example.org
12984156-812c-4a5a-9ad5-c68914d46077,name-12984156,2009-06-27T00:00:00.000Z,createdBy.7qan0@example.org,2003-08-16T00:00:00.000Z,modifiedBy.7qan0@example.org
12984157-4fa9-4392-8e99-979b16558da9,name-12984157,2019-10-28T00:00:00.000Z,createdBy.7qan1@example.net,2021-09-11T00:00:00.000Z,modifiedBy.7qan1@example.com
12984158-af2c-458d-9788-76aac1f66f68,name-12984158,2019-10-06T00:00:00.000Z,createdBy.7qan2@example.net,2018-09-22T00:00:00.000Z,modifiedBy.7qan2@example.org
12984159-ed06-43c6-be7f-2fa87c85ae1e,name-12984159,2006-07-22T00:00:00.000Z,createdBy.7qan3@example.net,2017-11-30T00:00:00.000Z,modifiedBy.7qan3@example.net
12984160-a4c0-42fa-86d9-f46eee2711b5,name-12984160,2002-09-18T00:00:00.000Z,createdBy.7qan4@example.org,2014-01-04T00:00:00.000Z,modifiedBy.7qan4@example.com
